Reference, Quantity, Value, Footprint, Datasheet, MFG Name, MFG Part Num, 1st Distrib PN, 1st Distrb Link
C1 C2 ,2,4.7uF,Capacitors_SMD:C_0603,,Samsung Electro-Mechanics,CL10B475KQ8NQNC,1276-2087-1-ND,https://www.digikey.com/product-detail/en/CL10B475KQ8NQNC/1276-2087-1-ND/3890173/?itemSeq=263693911
C11 C15 C16 C19 C20 C21 C24 C25 C27 C28 C32 C33 C4 ,13,100nF,Capacitors_SMD:C_0603,,Yageo,CC0603KRX7R6BB104,311-4055-1-ND,https://www.digikey.com/product-detail/en/yageo/CC0603KRX7R6BB104/311-4055-1-ND/8025144
C14 ,1,510pF,Capacitors_SMD:C_0603,
C17 C26 C29 ,3,10nF,Capacitors_SMD:C_0603,
C18 ,1,DNP,Capacitors_SMD:C_0603,
C22 C23 ,2,2.2uF,Capacitors_SMD:C_0603,,TDK Corporation,C1608X7R1A225K080AC,445-5958-1-ND,https://www.digikey.com/product-detail/en/tdk-corporation/C1608X7R1A225K080AC/445-5958-1-ND/2443999
C3 ,1,68uF,Capacitors_SMD:C_1206,,TDK Corporation,C3216X5R1A686M160AC,445-14673-1-ND,https://www.digikey.com/products/en?keywords=445-14673-1-nd
C30 C34 ,2,1nF,Capacitors_SMD:C_0603,
C31 C35 ,2,6.8nF,Capacitors_SMD:C_0603,
C36 ,1,20uF,Capacitors_SMD:C_0603,
C38 ,1,10pF,Capacitors_SMD:C_0603,
C37 C39 ,2,C,Capacitors_SMD:C_0603,
C40 C43 ,2,TBD/DNP,Capacitors_SMD:C_0603,
C42 ,1,122pF,Capacitors_SMD:C_0603,
C46 C47 ,2,68nF,Capacitors_SMD:C_0603,
C5 ,1,39pF,Capacitors_SMD:C_0603,,AVX Corporation,06031A390FAT2A,478-5773-1-ND,https://www.digikey.com/products/en?keywords=478-5773-1-ND
C6 ,1,22uF,Capacitors_SMD:C_0603,,Murata Electronics North America,GRM188R61A226ME15D,490-10476-1-ND,https://www.digikey.com/products/en?keywords=490-10476-1-nd
C13 C41 C45 C48 C49 C7 C8 ,7,10uF,Capacitors_SMD:C_0603,,Murata Electronics North America,GRM188R60J106ME47D,490-3896-1-ND,https://www.digikey.com/product-detail/en/GRM188R60J106ME47D/490-3896-1-ND/965938/?itemSeq=263693902
C10 C12 C44 C9 ,4,1uF,Capacitors_SMD:C_0603,,Murata Electronics North America,GRM188R60J105KA01D,490-1550-6-ND,https://www.digikey.com/product-detail/en/murata-electronics-north-america/GRM188R60J105KA01D/490-1550-6-ND/615604
D1 ,1,LED,LEDs:LED_0603,,Lite-On Inc.,LTST-C191KRKT,160-1447-1-ND,https://www.digikey.com/product-detail/en/LTST-C191KRKT/160-1447-1-ND/386836/?itemSeq=263693914
D2 ,1,D,ScannerFootPrint:schottky_power_rectifier,,ON Semiconductor,MBRS140T3G,MBRS140T3GOSCT-ND,https://www.digikey.com/product-detail/en/MBRS140T3G/MBRS140T3GOSCT-ND/918002/?itemSeq=273136656
D3 ,1,D,Diodes_SMD:D_0603,
D4 ,1,LED_RCGB,ScannerFootPrint:rgb_LED_V3,
DS1 ,1,LCD-016N002L,ScannerFootPrint:LCD_16X2_V2,
L1 ,1,6.8uH,ScannerFootPrint:L_0805_V2,,TDK Corporation,MLZ2012N6R8LT000,445-6761-1-ND,https://www.digikey.com/product-detail/en/MLZ2012N6R8LT000/445-6761-1-ND/2523582/?itemSeq=273136648
L2 ,1,0/4.7uH,ScannerFootPrint:4.7uH_v2,
L3 ,1,4.7uH,ScannerFootPrint:4.7uH_v2,
P1 ,1,CONN_01X02,ScannerFootPrint:power_jack,,CUI Inc.,PJ-102A,CP-102A-ND,https://www.digikey.com/product-detail/en/PJ-102A/CP-102A-ND/275425/?itemSeq=263693908
P2 ,1,CONN_01X02,ScannerFootPrint:bat_con_v2,,JST Sales America Inc.,B2B-PH-SM4-TB(LF)(SN),455-1734-1-ND,https://www.digikey.com/products/en?keywords=455-1734-1-ND
P3 ,1,CONN_01X06,ScannerFootPrint:ST_Link_Programmer,
P4 ,1,CONN_01X05,ScannerFootPrint:SPO2_v2,
R1 ,1,270K,Resistors_SMD:R_0603_HandSoldering,
R10 ,1,510,Resistors_SMD:R_0603_HandSoldering,,Panasonic Electronic Components,ERJ-3EKF5100V,P510HCT-ND,https://www.digikey.com/product-detail/en/panasonic-electronic-components/ERJ-3EKF5100V/P510HCT-ND/1746786
R11 ,1,150K,Resistors_SMD:R_0603_HandSoldering,,Yageo,RC0603JR-07150KL,311-150KGRCT-ND,https://www.digikey.com/products/en?keywords=311-150KGRCT-ND
R12 ,1,12.4K,Resistors_SMD:R_0603_HandSoldering,,Susumu,RR0816P-1242-D-10C,RR08P12.4KDCT-ND,https://www.digikey.com/products/en?keywords=RR08P12.4KDCT-ND
R13 R14 R18 R19 R2 R20 R21 R23 R28 R30 R32 R33 R35 R42 R59 ,15,10K,Resistors_SMD:R_0603_HandSoldering,,Panasonic Electronic Components,ERA-3APB103V,P10KAYCT-ND,https://www.digikey.com/product-detail/en/panasonic-electronic-components/ERA-3APB103V/P10KAYCT-ND/3069401
R15 R16 R26 R34 R4 R43 R8 ,7,DNP,Resistors_SMD:R_0603_HandSoldering,
R22 R80 R82 ,3,100K,Resistors_SMD:R_0603_HandSoldering,
R25 ,1,1M,Resistors_SMD:R_0603_HandSoldering,
R27 R29 ,2,200,Resistors_SMD:R_0603_HandSoldering,,Yageo,RT0603BRD07200RL,YAG1579CT-ND,https://www.digikey.com/products/en?keywords=yag1579ct-nd
R3 ,1,2K,Resistors_SMD:R_0603_HandSoldering,,Yageo,RC0603JR-072KL,311-2.0KGRCT-ND,https://www.digikey.com/product-detail/en/RC0603JR-072KL/311-2.0KGRCT-ND/729673/?itemSeq=263693904
R31 ,1,6.8K,Resistors_SMD:R_0603_HandSoldering,,Yageo,RT0603BRD076K8L,YAG1724CT-ND,https://www.digikey.com/product-detail/en/RT0603BRD076K8L/YAG1724CT-ND/5139172/?itemSeq=273136638
R36 R37 R48 R49 ,4,120K,Resistors_SMD:R_0603_HandSoldering,
R38 R45 ,2,330,Resistors_SMD:R_0603_HandSoldering,
R41 R47 ,2,680,Resistors_SMD:R_0603_HandSoldering,
R5 R66 R67 R68 ,4,470,Resistors_SMD:R_0603_HandSoldering,,Yageo,RC0603JR-07470RL,311-470GRCT-ND,https://www.digikey.com/product-detail/en/RC0603JR-07470RL/311-470GRCT-ND/729738/?itemSeq=263693913
R54 R55 R56 R57 R60 R61 R65 R72 R78 R79 ,10,R,Resistors_SMD:R_0603_HandSoldering,
R58 ,1,20K,Resistors_SMD:R_0603_HandSoldering,
R6 ,1,200K,Resistors_SMD:R_0603_HandSoldering,,Panasonic Electronic Components,ERJ-3EKF2003V,P200KHCT-ND,https://www.digikey.com/product-detail/en/panasonic-electronic-components/ERJ-3EKF2003V/P200KHCT-ND/198241
R62 ,1,DNP/0,Resistors_SMD:R_0603_HandSoldering,
R73 R74 ,2,0/dnp,Resistors_SMD:R_0603_HandSoldering,
R81 ,1,22K,Resistors_SMD:R_0603_HandSoldering,
R83 ,1,180K,Resistors_SMD:R_0603_HandSoldering,
R39 R40 R46 R50 R52 R69 R70 R71 R85 R86 ,10,0/DNP,Resistors_SMD:R_0603_HandSoldering,
R87 ,1,TBD/DNP,Resistors_SMD:R_0603_HandSoldering,
R17 R24 R44 R51 R53 R63 R64 R7 R77 R84 R9 ,11,0,Resistors_SMD:R_0603_HandSoldering,,Yageo,RC0603JR-070RL,311-0.0GRCT-ND,https://www.digikey.com/products/en?keywords=311-0.0grct-nd
RV1 ,1,POT,,
S1 ,1,SlideSwitch,ScannerFootPrint:SLIDE_SWITCH_V2,
SW1 ,1,SW_DIP_x01,ScannerFootPrint:SPST_v2,
U1 ,1,TPS61220,ScannerFootPrint:TPS61222DCKR,
U10 ,1,BJT_DUAL_v2,ScannerFootPrint:BJT_DUAL_V3,
U11 ,1,AD5262,ScannerFootPrint:AD5262_v2,
U12 ,1,PrimaryCoil,ScannerFootPrint:d13_v2,
U13 ,1,RN42,ScannerFootPrint:RN42_v2,
U14 ,1,STM32L476RGT6,ScannerFootPrint:STM32L476_LQFP64,
U15 ,1,dualbjt_emitter,TO_SOT_Packages_SMD:SOT-23-5_HandSoldering,
U2 ,1,MCP73831_SOT,TO_SOT_Packages_SMD:SOT-23-5_HandSoldering,,Microchip Technology,MCP73831T-2ATI/OT,MCP73831T-2ATI/OTCT-ND,https://www.digikey.com/product-detail/en/MCP73831T-2ATI%2fOT/MCP73831T-2ATI%2fOTCT-ND/1979803
U3 ,1,LM2621_v2,ScannerFootPrint:LM2621_v2,,Texas Instruments,LM2621MM/NOPB,LM2621MM/NOPBCT-ND,https://www.digikey.com/product-detail/en/texas-instruments/LM2621MM-NOPB/LM2621MM-NOPBCT-ND/363740
U4 ,1,ADP7156,ScannerFootPrint:ADP7156_v2,,Analog Devices Inc.,ADP7156ARDZ-2.0-R7,ADP7156ARDZ-2.0-R7CT-ND,https://www.digikey.com/products/en?keywords=ADP7156ARDZ-2.0-R7CT-ND
U5 ,1,LMV791,ScannerFootPrint:LMV791_v2,
U6 ,1,ASCO-50.000MHZ-EK-T3,ScannerFootPrint:50MHZ_OSCI,
U7 ,1,AD9834,ScannerFootPrint:AD9834_v2,
U8 U9 ,2,MCP6002_v2,ScannerFootPrint:mcp6002_s,